Name,Price,spread,RollLong,RollShort,PIP,PIPCost,MarginCost,Market,Multiplier,commission,symbol,leverage,Lotsize,Base,Quote
EURUSD,1.08567,0.000109,-0.64000,0.20000,0.00010,9.20996887,200.00,UTC:21:01-20:59,1000.00000000,0.00,EURUSD,500,100000.00,EUR,USD
GBPUSD,1.27513,0.000137,-0.31000,-0.20000,0.00010,9.20996887,234.90,UTC:21:01-20:59,1000.00000000,0.00,GBPUSD,500,100000.00,GBP,USD
USDJPY,156.868,0.0120,1.23000,-2.62000,0.010,5.87102532,184.28,UTC:21:01-20:59,1000.00000000,0.00,USDJPY,500,100000.00,USD,JPY
AUDUSD,0.66450,0.000110,-0.36000,0.08000,0.00010,9.20996887,122.38,UTC:21:01-20:59,1000.00000000,0.00,AUDUSD,500,100000.00,AUD,USD
USDCHF,0.91376,0.000133,0.74000,-1.20000,0.00010,10.07810532,184.28,UTC:21:01-20:59,1000.00000000,0.00,USDCHF,500,100000.00,USD,CHF
USDCAD,1.36564,0.000126,-0.07000,-0.47000,0.00010,6.74390688,184.28,UTC:21:01-20:59,1000.00000000,0.00,USDCAD,500,100000.00,USD,CAD
GBPAUD,1.91868,0.000302,0.08000,-0.94000,0.00010,6.12058782,234.90,UTC:21:01-20:59,1000.00000000,0.00,GBPAUD,500,100000.00,GBP,AUD
GBPCHF,1.16516,0.000299,0.94000,-1.48000,0.00010,10.07810532,234.90,UTC:21:01-20:59,1000.00000000,0.00,GBPCHF,500,100000.00,GBP,CHF
AUDCAD,0.90748,0.000196,-0.37000,-0.11000,0.00010,6.74390688,122.38,UTC:21:01-20:59,1000.00000000,0.00,AUDCAD,500,100000.00,AUD,CAD
AUDNZD,1.08187,0.000225,-0.62000,0.06000,0.00010,5.65674850,122.39,UTC:21:01-20:59,1000.00000000,0.00,AUDNZD,500,100000.00,AUD,NZD
AUDCHF,0.60720,0.000176,0.32000,-0.62000,0.00010,10.07810532,122.39,UTC:21:01-20:59,1000.00000000,0.00,AUDCHF,500,100000.00,AUD,CHF
EURGBP,0.85136,0.000131,-0.50000,0.09000,0.00010,11.74411913,200.00,UTC:21:01-20:59,1000.00000000,0.00,EURGBP,500,100000.00,EUR,GBP
EURCHF,0.99208,0.000162,0.47000,-0.95000,0.00010,10.07810532,200.00,UTC:21:01-20:59,1000.00000000,0.00,EURCHF,500,100000.00,EUR,CHF
EURAUD,1.63367,0.000173,-0.51000,-0.31000,0.00010,6.12058782,200.00,UTC:21:01-20:59,1000.00000000,0.00,EURAUD,500,100000.00,EUR,AUD
NZDUSD,0.61415,0.000130,-0.14000,-0.14000,0.00010,9.20996887,113.07,UTC:21:01-20:59,1000.00000000,0.00,NZDUSD,500,100000.00,NZD,USD
EURJPY,170.311,0.0164,0.63000,-2.25000,0.010,5.87102532,200.00,UTC:21:01-20:59,1000.00000000,0.00,EURJPY,500,100000.00,EUR,JPY
GBPJPY,200.029,0.0251,1.38000,-3.32000,0.010,5.87102532,234.91,UTC:21:01-20:59,1000.00000000,0.00,GBPJPY,500,100000.00,GBP,JPY
AUDJPY,104.246,0.0123,0.45000,-1.48000,0.010,5.87102532,122.39,UTC:21:01-20:59,1000.00000000,0.00,AUDJPY,500,100000.00,AUD,JPY
CHFJPY,171.652,0.0226,0.07000,-1.06000,0.010,5.87102532,201.53,UTC:21:01-20:59,1000.00000000,0.00,CHFJPY,500,100000.00,CHF,JPY
CADJPY,114.861,0.0164,0.69000,-1.80000,0.010,5.87102532,134.93,UTC:21:01-20:59,1000.00000000,0.00,CADJPY,500,100000.00,CAD,JPY
NZDJPY,96.343,0.0185,0.71000,-1.65000,0.010,5.87102532,113.07,UTC:21:01-20:59,1000.00000000,0.00,NZDJPY,500,100000.00,NZD,JPY
CADCHF,0.66906,0.000179,0.47000,-0.80000,0.00010,10.07810532,134.93,UTC:21:01-20:59,1000.00000000,0.00,CADCHF,500,100000.00,CAD,CHF
EURCAD,1.48264,0.000185,-0.70000,0.02000,0.00010,6.74390688,200.00,UTC:21:01-20:59,1000.00000000,0.00,EURCAD,500,100000.00,EUR,CAD
EURNZD,1.76755,0.000243,-1.12000,0.23000,0.00010,5.65674850,200.00,UTC:21:01-20:59,1000.00000000,0.00,EURNZD,500,100000.00,EUR,NZD
GBPCAD,1.74135,0.000242,-0.26000,-0.59000,0.00010,6.74390688,234.91,UTC:21:01-20:59,1000.00000000,0.00,GBPCAD,500,100000.00,GBP,CAD
GBPNZD,2.07595,0.000392,-0.60000,-0.37000,0.00010,5.65674850,234.91,UTC:21:01-20:59,1000.00000000,0.00,GBPNZD,500,100000.00,GBP,NZD
NZDCAD,0.83868,0.000249,-0.09000,-0.33000,0.00010,6.74390688,113.07,UTC:21:01-20:59,1000.00000000,0.00,NZDCAD,500,100000.00,NZD,CAD
NZDCHF,0.56118,0.000202,0.47000,-0.75000,0.00010,10.07810532,113.07,UTC:21:01-20:59,1000.00000000,0.00,NZDCHF,500,100000.00,NZD,CHF
USDBRL,5.18284,0.003490,-15.14000,7.49000,0.00010,1.77581621,9213.96,UTC:12:31-19:59,1000.00000000,0.00,USDBRL,10,100000.00,USD,BRL
USDIDR,16070.3,13.80,-1.83000,-1.08000,1.0,5.72613256,9214.04,UTC:01:01-19:59,1000.00000000,0.00,USDIDR,10,100000.00,USD,IDR
USDNOK,10.52712,0.003224,-0.39000,-5.61000,0.00010,0.87469167,184.28,UTC:21:01-20:59,1000.00000000,0.00,USDNOK,500,100000.00,USD,NOK
USDMXN,16.67802,0.002997,-35.06000,14.60000,0.00010,0.55210307,184.28,UTC:21:01-20:59,1000.00000000,0.00,USDMXN,500,100000.00,USD,MXN
USDSGD,1.34888,0.000255,0.22000,-1.08000,0.00010,6.82696378,184.28,UTC:21:01-20:59,1000.00000000,0.00,USDSGD,500,100000.00,USD,SGD
USDSEK,10.63105,0.002637,2.21000,-8.19000,0.00010,0.86615933,184.28,UTC:21:01-20:59,1000.00000000,0.00,USDSEK,500,100000.00,USD,SEK
EURSEK,11.54203,0.003124,-2.03000,-4.32000,0.00010,0.86615933,200.00,UTC:21:01-20:59,1000.00000000,0.00,EURSEK,500,100000.00,EUR,SEK
GBPSGD,1.72002,0.000392,0.09000,-1.38000,0.00010,6.82696378,234.91,UTC:21:01-20:59,1000.00000000,0.00,GBPSGD,500,100000.00,GBP,SGD
EURNOK,11.42956,0.003148,-4.83000,-1.59000,0.00010,0.87469167,200.00,UTC:21:01-20:59,1000.00000000,0.00,EURNOK,500,100000.00,EUR,NOK
AUDSGD,0.89636,0.000281,-0.18000,-0.45000,0.00010,6.82696378,122.39,UTC:21:01-20:59,1000.00000000,0.00,AUDSGD,500,100000.00,AUD,SGD
EURHUF,384.157,0.4103,-4.21000,0.53000,0.010,2.60032712,200.00,UTC:21:01-20:59,1000.00000000,0.00,EURHUF,500,100000.00,EUR,HUF
USDPLN,3.91595,0.002397,-2.32000,-1.74000,0.00010,2.35072320,184.28,UTC:21:01-20:59,1000.00000000,0.00,USDPLN,500,100000.00,USD,PLN
USDDKK,6.87091,0.003512,0.89000,-5.05000,0.00010,1.33984139,184.28,UTC:21:01-20:59,1000.00000000,0.00,USDDKK,500,100000.00,USD,DKK
GBPNOK,13.42368,0.005102,-1.01000,-6.51000,0.00010,0.87469167,234.91,UTC:21:01-20:59,1000.00000000,0.00,GBPNOK,500,100000.00,GBP,NOK
CHFSGD,1.47607,0.000274,-1.43000,0.40000,0.00010,6.82696378,201.53,UTC:21:01-20:59,1000.00000000,0.00,CHFSGD,500,100000.00,CHF,SGD
EURCZK,24.73117,0.009035,-18.22000,-3.44000,0.00010,0.40419996,200.00,UTC:05:01-20:59,1000.00000000,0.00,EURCZK,500,100000.00,EUR,CZK
EURPLN,4.25181,0.002200,-3.09000,0.54000,0.00010,2.35072320,200.00,UTC:21:01-20:59,1000.00000000,0.00,EURPLN,500,100000.00,EUR,PLN
EURSGD,1.46452,0.000273,-0.35000,-0.61000,0.00010,6.82696378,200.00,UTC:21:01-20:59,1000.00000000,0.00,EURSGD,500,100000.00,EUR,SGD
EURTRY,34.93860,0.039988,-352.52000,216.71000,0.00010,0.28588304,10000.00,UTC:21:01-20:59,1000.00000000,0.00,EURTRY,10,100000.00,EUR,TRY
EURZAR,19.94521,0.005507,-40.19000,0.77000,0.00010,0.50121444,200.00,UTC:21:01-20:59,1000.00000000,0.00,EURZAR,500,100000.00,EUR,ZAR
GBPDKK,8.76178,0.004487,0.71000,-7.12000,0.00010,1.33984139,234.91,UTC:21:01-20:59,1000.00000000,0.00,GBPDKK,500,100000.00,GBP,DKK
GBPSEK,13.55620,0.004706,2.18000,-9.66000,0.00010,0.86615933,234.91,UTC:21:01-20:59,1000.00000000,0.00,GBPSEK,500,100000.00,GBP,SEK
GBPTRY,41.01720,0.079282,-302.73000,244.26000,0.00010,0.28588304,11745.50,UTC:21:01-20:59,1000.00000000,0.00,GBPTRY,10,100000.00,GBP,TRY
NOKJPY,14.884,0.0315,0.07000,-0.23000,0.010,5.87102532,17.48,UTC:21:01-20:59,1000.00000000,0.00,NOKJPY,500,100000.00,NOK,JPY
NOKSEK,1.00926,0.001181,-0.06000,-0.55000,0.00010,0.86615933,17.48,UTC:21:01-20:59,1000.00000000,0.00,NOKSEK,500,100000.00,NOK,SEK
SEKJPY,14.718,0.0734,0.05000,-0.19000,0.010,5.87102532,17.31,UTC:21:01-20:59,1000.00000000,0.00,SEKJPY,500,100000.00,SEK,JPY
SGDJPY,116.276,0.0247,0.71000,-1.55000,0.010,5.87102532,136.56,UTC:21:01-20:59,1000.00000000,0.00,SGDJPY,500,100000.00,SGD,JPY
USDCZK,22.77955,0.006815,-7.54000,-9.80000,0.00010,0.40419996,184.28,UTC:05:01-20:59,1000.00000000,0.00,USDCZK,500,100000.00,USD,CZK
USDTRY,32.16938,0.020039,-296.06000,170.59000,0.00010,0.28588304,9214.04,UTC:21:01-20:59,1000.00000000,0.00,USDTRY,10,100000.00,USD,TRY
USDZAR,18.36947,0.004363,-30.02000,-2.24000,0.00010,0.50121444,184.28,UTC:21:01-20:59,1000.00000000,0.00,USDZAR,500,100000.00,USD,ZAR
EURMXN,18.10616,0.006264,-46.72000,15.95000,0.00010,0.55210307,200.00,UTC:21:01-20:59,1000.00000000,0.00,EURMXN,500,100000.00,EUR,MXN
USDHUF,353.833,0.3679,-2.48000,-0.87000,0.010,2.60032712,184.28,UTC:21:01-20:59,1000.00000000,0.00,USDHUF,500,100000.00,USD,HUF
USDCNH,7.25504,0.000662,2.25000,-8.35000,0.00010,1.26935609,184.28,UTC:21:01-20:59,1000.00000000,0.00,USDCNH,500,100000.00,USD,CNH
USDTHB,36.61062,0.025230,-98.04000,1.96000,0.00010,0.25139548,184.28,UTC:21:01-20:59,1000.00000000,0.00,USDTHB,500,100000.00,USD,THB
ZARJPY,8.526,0.0220,0.09000,-0.26000,0.010,5.87102532,10.00,UTC:21:01-20:59,1000.00000000,0.00,ZARJPY,500,100000.00,ZAR,JPY
GBPMXN,21.26372,0.010030,-47.78000,11.61000,0.00010,0.55210307,234.90,UTC:21:01-20:59,1000.00000000,0.00,GBPMXN,500,100000.00,GBP,MXN
USDINR,83.159,0.1025,-0.83000,-0.24000,0.010,11.06196266,9214.30,UTC:02:01-19:59,1000.00000000,0.00,USDINR,10,100000.00,USD,INR
USDKRW,1359.01,0.610,-0.06000,-1.51000,0.10,6.77402830,9214.30,UTC:00:01-19:59,1000.00000000,0.00,USDKRW,10,100000.00,USD,KRW
USDCLP,903.61,0.910,-39.14000,0.63000,0.10,10.18216167,9214.30,UTC:12:51-16:09,1000.00000000,0.00,USDCLP,10,100000.00,USD,CLP
USDCOP,3912.08,6.650,-22.46000,5.90000,0.10,2.35024329,9214.38,UTC:14:01-16:49,1000.00000000,0.00,USDCOP,10,100000.00,USD,COP
USDTWD,32.094,0.0390,-0.14000,-0.39000,0.010,28.66202617,9214.38,UTC:00:11-18:59,1000.00000000,0.00,USDTWD,10,100000.00,USD,TWD
AUDDKK,4.56583,0.002938,-0.54000,-2.26000,0.00010,1.33984139,122.40,UTC:21:01-20:59,1000.00000000,0.00,AUDDKK,500,100000.00,AUD,DKK
AUDHUF,235.093,0.3486,-2.48000,0.19000,0.010,2.60032712,122.40,UTC:21:01-20:59,1000.00000000,0.00,AUDHUF,500,100000.00,AUD,HUF
AUDNOK,6.99458,0.004412,-2.29000,-0.94000,0.00010,0.87469167,122.40,UTC:21:01-20:59,1000.00000000,0.00,AUDNOK,500,100000.00,AUD,NOK
AUDPLN,2.60216,0.002305,-1.66000,0.68000,0.00010,2.35072320,122.40,UTC:21:01-20:59,1000.00000000,0.00,AUDPLN,500,100000.00,AUD,PLN
CADMXN,12.21157,0.003705,-28.93000,7.42000,0.00010,0.55210307,134.93,UTC:21:01-20:59,1000.00000000,0.00,CADMXN,500,100000.00,CAD,MXN
CADSGD,0.98759,0.000404,-0.01000,-0.66000,0.00010,6.82696378,134.93,UTC:21:01-20:59,1000.00000000,0.00,CADSGD,500,100000.00,CAD,SGD
CHFDKK,7.51885,0.003790,-6.63000,2.61000,0.00010,1.33984139,201.53,UTC:21:01-20:59,1000.00000000,0.00,CHFDKK,500,100000.00,CHF,DKK
CHFHUF,387.178,0.4589,-7.08000,3.29000,0.010,2.60032712,201.53,UTC:21:01-20:59,1000.00000000,0.00,CHFHUF,500,100000.00,CHF,HUF
CHFNOK,11.51828,0.005889,-12.71000,4.75000,0.00010,0.87469167,201.53,UTC:21:01-20:59,1000.00000000,0.00,CHFNOK,500,100000.00,CHF,NOK
CHFPLN,4.28514,0.002760,-6.24000,2.97000,0.00010,2.35072320,201.53,UTC:21:01-20:59,1000.00000000,0.00,CHFPLN,500,100000.00,CHF,PLN
CHFSEK,11.63225,0.005580,-10.16000,1.82000,0.00010,0.86615933,201.53,UTC:21:01-20:59,1000.00000000,0.00,CHFSEK,500,100000.00,CHF,SEK
EURCNH,7.87660,0.001374,-0.40000,-6.90000,0.00010,1.26935609,200.00,UTC:21:01-20:59,1000.00000000,0.00,EURCNH,500,100000.00,EUR,CNH
EURDKK,7.45993,0.003640,-1.19000,-2.63000,0.00010,1.33984139,200.00,UTC:21:01-20:59,1000.00000000,0.00,EURDKK,500,100000.00,EUR,DKK
GBPCNH,9.25129,0.001485,3.09000,-10.98000,0.00010,1.26935609,234.91,UTC:21:01-20:59,1000.00000000,0.00,GBPCNH,500,100000.00,GBP,CNH
GBPHUF,451.153,0.5440,-3.85000,-1.33000,0.010,2.60032712,234.91,UTC:21:01-20:59,1000.00000000,0.00,GBPHUF,500,100000.00,GBP,HUF
MXNJPY,9.40410,0.002980,20.38000,-32.77000,0.00010,0.05871025,11.04,UTC:21:01-20:59,1000.00000000,0.00,MXNJPY,500,100000.00,MXN,JPY
NZDCNH,4.45567,0.001424,0.28000,-5.35000,0.00010,1.26935609,113.08,UTC:21:01-20:59,1000.00000000,0.00,NZDCNH,500,100000.00,NZD,CNH
NZDHUF,217.270,0.3553,-1.56000,-0.56000,0.010,2.60032712,113.08,UTC:21:01-20:59,1000.00000000,0.00,NZDHUF,500,100000.00,NZD,HUF
NZDSGD,0.82839,0.000419,0.09000,-0.68000,0.00010,6.82696378,113.08,UTC:21:01-20:59,1000.00000000,0.00,NZDSGD,500,100000.00,NZD,SGD
EURILS,3.99220,0.004557,-1.10000,-1.03000,0.00010,2.50198282,5000.00,UTC:21:01-20:59,1000.00000000,0.00,EURILS,20,100000.00,EUR,ILS
USDILS,3.67673,0.004500,0.36000,-2.34000,0.00010,2.50198282,4607.32,UTC:21:01-20:59,1000.00000000,0.00,USDILS,20,100000.00,USD,ILS
USDRON,4.57945,0.008700,-1.69000,-0.19000,0.00010,2.00733822,18429.44,UTC:21:01-20:59,1000.00000000,0.00,USDRON,5,100000.00,USD,RON
XAUUSD,2344.69,0.175,-4.07000,2.46000,0.10,9.20996887,432.03,UTC:22:01-20:59,1.00000000,0.00,XAUUSD,500,100.00,XAU,USD
XAGUSD,30.840,0.0188,-0.56000,0.36000,0.010,46.04984435,284.15,UTC:22:01-20:59,50.00000000,0.00,XAGUSD,500,5000.00,XAG,USD
XAGEUR,28.405,0.0166,-0.41000,0.23000,0.010,50.00000000,284.15,UTC:22:01-20:59,50.00000000,0.00,XAGEUR,500,5000.00,XAG,EUR
XAUEUR,2159.54,0.200,-3.00000,1.66000,0.10,10.00000000,432.09,W. Europe Standard Time:09:00-17:30,1.00000000,0.00,XAUEUR,500,100.00,XAU,EUR
XPDUSD,982.76,4.623,-2.22000,1.21000,0.10,9.20996887,181.84,UTC:22:01-20:59,1.00000000,0.00,XPDUSD,500,100.00,XPD,USD
XPTUSD,1057.40,2.500,-1.79000,0.95000,0.10,9.20996887,194.78,UTC:22:01-20:59,1.00000000,0.00,XPTUSD,500,100.00,XPT,USD
XAUAUD,3528.19,0.216,-5.18000,2.94000,0.10,6.12058782,432.09,UTC:22:01-20:59,1.00000000,0.00,XAUAUD,500,100.00,XAU,AUD
XAUCHF,2142.61,0.204,-1.52000,0.07000,0.10,10.07820689,432.10,UTC:22:01-20:59,1.00000000,0.00,XAUCHF,500,100.00,XAU,CHF
XAUGBP,1838.65,0.200,-3.17000,2.04000,0.10,11.74411913,432.12,UTC:22:01-20:59,1.00000000,0.00,XAUGBP,500,100.00,XAU,GBP
XAGAUD,46.409,0.0228,-0.70000,0.40000,0.010,30.60293911,284.20,UTC:22:01-20:59,50.00000000,0.00,XAGAUD,500,5000.00,XAG,AUD
XAUJPY,367821,20.7,-0.78000,-0.75000,1,0.58710253,432.12,UTC:22:01-20:59,1.00000000,0.00,XAUJPY,500,100.00,XAU,JPY
SpotBrent,82.712,0.0300,1.94000,-3.44000,0.010,0.92099689,76.06,UTC:21:01-22:00,1.00000000,0.00,SpotBrent,100,100.00,SpotBrent,USD
SpotCrude,78.443,0.0300,0.66000,-2.01000,0.010,0.92099689,72.16,UTC:22:00-20:59,1.00000000,0.00,SpotCrude,100,100.00,SpotCrude,USD
NatGas,2.546,0.0090,-0.74000,0.66000,0.010,92.09968870,718.75,UTC:22:00-20:59,100.00000000,0.00,NatGas,33,10000.00,NatGas,USD
Gasoline,2.4907,0.00800,0.16000,-0.59000,0.0010,0.92099689,69.58,UTC:22:00-20:59,10.00000000,0.00,Gasoline,33,1000.00,Gasoline,USD
AUS200,7790.9,1.80,-6.79000,1.79000,1.0,0.61205878,11.92,UTC:07:10-20:59,0.10000000,0.00,AUS200,400,1.00,AUS200,AUD
EUSTX50,5039.1,1.60,-6.30000,1.30000,1.0,1.00000000,25.21,UTC:00:15-20:59,0.10000000,0.00,EUSTX50,200,1.00,STOXX50,EUR
FRA40,8104.8,1.00,-6.30000,1.30000,1.0,1.00000000,40.55,UTC:06:00-20:00,0.10000000,0.00,FRA40,200,1.00,F40,EUR
GER40,18709.8,0.90,-6.30000,1.30000,1.0,1.00000000,46.81,W. Europe Standard Time:09:00-17:30,0.10000000,0.00,GER40,400,1.00,DE40,EUR
HK50,18829.4,5.00,-6.99000,1.99000,1.0,0.11794092,22.23,UTC:05:00-08:30,0.10000000,0.00,HK50,100,1.00,HK50,HKD
JPN225,38888.0,8.00,-2.58000,-2.42000,1.0,0.58710943,114.19,UTC:22:00-20:59,10.00000000,0.00,JPN225,200,100.00,JP225,JPY
SPA35,11280.0,5.00,-6.30000,1.30000,1.0,1.00000000,112.77,UTC:06:00-18:00,0.10000000,0.00,SPA35,100,1.00,ES35,EUR
UK100,8316.7,2.00,-7.70000,2.70000,1.0,1.17441191,24.43,UTC:22:00-20:59,0.10000000,0.00,UK100,400,1.00,UK100,GBP
US2000,2074.5,0.95,-7.82000,2.82000,1.0,0.92100537,9.56,UTC:22:00-20:59,0.10000000,0.00,US2000,200,1.00,US2000,USD
US500,5306.1,0.40,-7.82000,2.82000,1.0,0.92100537,12.22,UTC:22:00-20:59,0.10000000,0.00,US500,400,1.00,US500,USD
NAS100,18803.8,1.90,-7.82000,2.82000,1.0,0.92100537,43.33,UTC:22:00-20:59,0.10000000,0.00,NAS100,400,1.00,USTEC,USD
US30,39063.1,2.60,-7.82000,2.82000,1.0,0.92100537,89.94,UTC:22:00-20:59,0.10000000,0.00,US30,400,1.00,US30,USD
CN50,12653.3,10.00,-7.82000,2.82000,1.0,0.92100537,58.36,UTC:09:00-20:45,0.10000000,0.00,CN50,200,1.00,CN50,USD
SCI25,310.7,0.39,-6.41000,1.41000,1.0,0.68269638,1.06,UTC:09:50-20:45,0.10000000,0.00,SCI25,200,1.00,SCI25,SGD
VIX,12.61,0.160,-0.33000,0.30000,0.10,0.09210054,0.12,UTC:22:00-20:59,0.10000000,0.00,VIX,100,1.00,VIX,USD
CA60,1334.49,0.800,-7.77000,2.77000,0.10,0.06743907,9.01,UTC:13:30-20:15,0.10000000,0.00,CA60,100,1.00,CA60,CAD
CHINAH,6685.00,12.000,-5.18000,0.18000,0.10,0.01179409,7.90,UTC:05:00-08:30,0.10000000,0.00,CHINAH,100,1.00,CHINAH,HKD
MidDE50,27203.80,18.900,-6.30000,1.30000,0.10,0.10000000,272.61,UTC:07:00-15:30,0.10000000,0.00,MidDE50,100,1.00,MidDE50,EUR
NETH25,914.46,0.300,-6.30000,1.30000,0.10,0.10000000,9.15,UTC:06:00-20:00,0.10000000,0.00,NETH25,100,1.00,NETH25,EUR
NOR25,1339.95,1.000,-7.12000,2.12000,0.10,0.00874692,1.17,UTC:07:00-14:20,0.10000000,0.00,NOR25,100,1.00,NOR25,NOK
SA40,72781.00,19.269,-10.75000,5.75000,0.10,0.00501214,36.41,UTC:06:30-15:30,0.10000000,0.00,SA40,100,1.00,SA40,ZAR
SWI20,11926.30,4.000,-3.92000,-1.08000,0.10,0.10078207,120.24,UTC:06:00-20:00,0.10000000,0.00,SWI20,100,1.00,SWI20,CHF
GERTEC30,3433.80,4.500,-6.30000,1.30000,0.10,0.10000000,34.40,UTC:07:00-15:30,0.10000000,0.00,GERTEC30,100,1.00,GERTEC30,EUR
Crypto10,18701.5,45.00,-22.50000,7.50000,1.0,0.92100537,1734.31,UTC:10:00-20:59,0.10000000,0.00,Crypto10,10,1.00,Crypto10,USD
Crypto20,22992.1,80.00,-22.50000,7.50000,1.0,0.92100537,2133.23,UTC:10:00-20:59,0.10000000,0.00,Crypto20,10,1.00,Crypto20,USD
Crypto30,22044.4,80.00,-22.50000,7.50000,1.0,0.92100537,2045.98,UTC:10:00-20:59,0.10000000,0.00,Crypto30,10,1.00,Crypto30,USD
USDX,104.657,0.0504,0.09000,-0.69000,0.010,0.92100537,48.26,UTC:00:00-20:59,100.00000000,0.00,USDX,200,100.00,USDX,USD
EURX,1053.7,1.00,-0.12000,-0.06000,1.0,100.00000000,527.40,UTC:22:00-20:59,100.00000000,0.00,EURX,200,100.00,EURX,EUR
JPYX,712.2,1.00,-0.15000,0.02000,1.0,0.58710943,2.09,UTC:22:00-20:59,100.00000000,0.00,JPYX,200,100.00,JPYX,JPY
Sugar,18.567,0.0420,0.38000,-0.72000,0.010,0.92100537,34.30,UTC:07:30-16:59,1.00000000,0.00,Sugar,50,100.00,Sugar,USD
Coffee,220.29,0.340,0.13000,-0.51000,0.10,0.92100537,40.66,UTC:08:15-17:29,1.00000000,0.00,Coffee,50,10.00,Coffee,USD
Cotton,79.761,0.1300,-2.20000,0.78000,0.010,0.92100537,147.23,UTC:01:00-18:19,1.00000000,0.00,Cotton,50,100.00,Cotton,USD
Cocoa,8292.8,9.20,3.50000,-5.12000,1.0,0.92100537,153.00,UTC:08:45-17:29,1.00000000,0.00,Cocoa,50,1.00,Cocoa,USD
Wheat,683.3,0.80,-0.20000,0.10000,1.0,0.92100537,12.61,UTC:13:30-18:19,1.00000000,0.00,Wheat,50,1.00,Wheat,USD
Soybeans,1237.2,1.40,-0.32000,0.10000,1.0,0.92100537,22.83,UTC:13:30-18:19,1.00000000,0.00,Soybeans,50,1.00,Soybeans,USD
OJ,473.49,0.450,-0.92000,0.13000,0.10,1.84201074,174.69,UTC:12:00-17:59,1.00000000,0.00,OJ,50,20.00,Orange Juice,USD
LDSugar,558.1,1.20,0.19000,-0.29000,1.0,0.92100537,10.31,UTC:07:45-16:54,1.00000000,0.00,LDSugar,50,1.00,Sugar10034,USD
Lumber,515.41,1.400,-3.04000,2.06000,0.10,0.09210054,14.43,UTC:14:00-20:04,1.00000000,0.00,Lumber,33,1.00,Lumber,USD
Corn,4.5358,0.01320,-2.57000,1.71000,0.0010,0.09210054,12.70,UTC:13:30-18:19,100.00000000,0.00,Corn,33,100.00,Corn,USD
LeanHogs,0.89320,0.001300,-15.40000,13.20000,0.00010,0.09210054,24.98,UTC:13:30-18:04,1000.00000000,0.00,LeanHogs,33,1000.00,LeanHogs,USD
Cattle,1.83920,0.001200,1.42000,-4.63000,0.00010,0.09210054,33.92,UTC:13:30-18:04,1000.00000000,0.00,Cattle,50,1000.00,Cattle,USD
Oats,3.8113,0.01690,1.05000,-1.75000,0.0010,0.92100537,106.89,UTC:13:30-18:19,1000.00000000,0.00,Oats,33,1000.00,Oats,USD
SoyMeal,387.50,1.160,-0.01000,-0.63000,0.10,0.09210054,10.85,UTC:13:30-18:19,1.00000000,0.00,SoyMeal,33,1.00,SoyMeal,USD
SoyOil,0.44510,0.001300,-1.19000,0.41000,0.00010,0.09210054,12.46,UTC:13:30-18:19,1000.00000000,0.00,SoyOil,33,1000.00,SoyOil,USD
RghRice,18.340,0.0900,-0.06000,-0.25000,0.010,0.92100537,51.46,UTC:13:30-18:19,1.00000000,0.00,RghRice,33,100.00,RghRice,USD
Copper,4.7567,0.00320,-0.85000,0.03000,0.0010,1.84201074,175.02,UTC:22:01-20:59,20.00000000,0.00,Copper,50,2000.00,Copper,USD
Aluminium,2661.950,5.2000,-7.60000,5.75000,0.010,0.00921005,245.76,UTC:00:01-17:59,1.00000000,0.00,Aluminium,10,1.00,Aluminium,USD
Nickel,20310.530,15.6900,-34.31000,25.12000,0.010,0.00921005,1872.95,UTC:07:01-17:59,1.00000000,0.00,Nickel,10,1.00,Nickel,USD
Lead,2306.050,4.5500,-4.96000,3.63000,0.010,0.00921005,212.91,UTC:00:01-17:59,1.00000000,0.00,Lead,10,1.00,Led,USD
Zinc,3062.590,5.4700,-4.49000,3.17000,0.010,0.00921005,282.71,UTC:00:01-17:59,1.00000000,0.00,Zinc,10,1.00,Zinc,USD
XAGSGD,41.600,0.0316,-0.55000,0.30000,0.010,34.13481888,2840.90,UTC:22:01-15:59,50.00000000,0.00,XAGSGD,50,5000.00,XAG,SGD
XAUCNH,17011.760,0.8684,-155.68000,26.22000,0.010,0.12693625,4320.28,UTC:22:01-15:59,10.00000000,0.00,XAUCNH,50,100.00,XAU,CNH
XAUSGD,3163.010,0.2688,-41.88000,11.33000,0.010,0.68269638,4320.28,UTC:22:01-15:59,1.00000000,0.00,XAUSGD,50,100.00,XAU,SGD
XAUTHB,85830.697,87.4613,-2305.96000,974.11000,0.010,0.02513978,4320.38,UTC:22:01-15:59,10.00000000,0.00,XAUTHB,50,100.00,XAU,THB
BTCUSD,68449.00,18.300,-22.50000,7.50000,0.10,0.09210054,6329.42,UTC:10:00-20:59,0.01000000,0.00,BTCUSD,10,1.00,BTCUSD,USD
ETHUSD,3896.60,3.000,-22.50000,7.50000,0.10,0.09210054,361.96,UTC:10:00-20:59,0.01000000,0.00,ETHUSD,10,1.00,ETHUSD,USD
LTCUSD,84.33,0.341,-22.50000,7.50000,0.10,0.09210054,7.83,UTC:10:00-20:59,1.00000000,0.00,LTCUSD,10,1.00,LTCUSD,USD
BCHUSD,485.59,1.613,-22.50000,7.50000,0.10,0.09210054,44.82,UTC:10:00-20:59,0.01000000,0.00,BCHUSD,10,1.00,BitcoinCash,USD
DOTUSD,7.458,0.0306,-22.50000,7.50000,0.010,0.09210054,6.87,UTC:10:00-20:59,1.00000000,0.00,DOTUSD,10,10.00,DOT,USD
LINKUSD,17.138,0.0447,-22.50000,7.50000,0.010,0.09210054,15.82,UTC:10:00-20:59,1.00000000,0.00,LINKUSD,10,10.00,LINK,USD
XLMUSD,0.1083,0.00120,-22.50000,7.50000,0.0010,0.09210054,5.04,UTC:10:00-20:59,10.00000000,0.00,XLMUSD,2,100.00,XLM,USD
XRPUSD,0.5275,0.00260,-22.50000,7.50000,0.0010,0.09210054,24.55,UTC:10:00-20:59,10.00000000,0.00,XRPUSD,2,100.00,XRP,USD
UNIUSD,10.994,0.0850,-22.50000,7.50000,0.010,0.09210054,10.27,UTC:10:00-20:59,1.00000000,0.00,UNIUSD,10,10.00,UNI,USD
DOGEUSD,0.16621,0.001179,-22.50000,7.50000,0.00010,0.09210054,77.00,UTC:10:00-20:59,100.00000000,0.00,DOGEUSD,2,1000.00,DOGE,USD
ADAUSD,0.4578,0.00404,-22.50000,7.50000,0.0010,0.09210054,4.27,UTC:10:00-20:59,100.00000000,0.00,ADAUSD,10,100.00,ADA,USD
BNBUSD,601.08,1.521,-22.50000,7.50000,0.10,0.09210054,55.70,UTC:10:00-20:59,1.00000000,0.00,BNBUSD,10,1.00,BNB,USD
EOSUSD,0.8276,0.00421,-22.50000,7.50000,0.0010,0.09210054,7.66,UTC:10:00-20:59,100.00000000,0.00,EOSUSD,10,100.00,EOS,USD
XTZUSD,0.9580,0.00449,-22.50000,7.50000,0.0010,0.09210054,8.85,UTC:10:00-20:59,100.00000000,0.00,XTZUSD,10,100.00,XTZ,USD
MATICUSD,0.7224,0.00307,-22.50000,7.50000,0.0010,0.09210054,6.67,UTC:10:00-20:59,100.00000000,0.00,MATICUSD,10,100.00,MATIC,USD
SOLUSD,166.01,0.397,-22.50000,7.50000,0.10,0.09210054,15.29,UTC:10:00-20:59,1.00000000,0.00,SOLUSD,10,1.00,SOL,USD
AVAXUSD,37.279,0.1028,-22.50000,7.50000,0.010,0.09210054,34.32,UTC:10:00-20:59,1.00000000,0.00,AVAXUSD,10,10.00,AVAX,USD
COMPUSD,63.186,0.2643,-22.50000,7.50000,0.010,0.00921005,11.77,UTC:10:00-20:59,4.00000000,0.00,COMPUSD,5,1.00,COMPUSD,USD
ETCUSD,31.669,0.1871,-22.50000,7.50000,0.010,0.00921005,5.95,UTC:10:00-20:59,1.00000000,0.00,ETCUSD,5,1.00,ETCUSD,USD
GLMRUSD,0.29868,0.009801,-22.50000,7.50000,0.00010,0.00009210,0.06,UTC:10:00-20:59,10.00000000,0.00,GLMRUSD,5,1.00,GLMRUSD,USD
KSMUSD,32.405,0.2977,-22.50000,7.50000,0.010,0.00921005,5.98,UTC:10:00-20:59,1.00000000,0.00,KSMUSD,5,1.00,KSMUSD,USD
BTCAUD,102935.00,150.600,-22.50000,7.50000,0.10,0.06120475,6328.40,UTC:10:00-20:59,0.01000000,0.00,BTCAUD,10,1.00,BTC,AUD
ETHAUD,5860.70,10.065,-22.50000,7.50000,0.10,0.06120475,361.68,UTC:10:00-20:59,0.01000000,0.00,ETHAUD,10,1.00,ETH,AUD
BTCGBP,53656.00,56.660,-22.50000,7.50000,0.10,0.11744119,6328.60,UTC:10:00-20:59,0.01000000,0.00,BTCGBP,10,1.00,BTC,GBP
ETHGBP,3054.20,5.498,-22.50000,7.50000,0.10,0.11744119,361.68,UTC:10:00-20:59,0.01000000,0.00,ETHGBP,10,1.00,ETH,GBP
BTCEUR,63021.00,64.800,-22.50000,7.50000,0.10,0.10000000,6328.70,UTC:10:00-20:59,0.01000000,0.00,BTCEUR,10,1.00,BTC,EUR
ETHEUR,3587.40,5.920,-22.50000,7.50000,0.10,0.10000000,361.67,UTC:10:00-20:59,0.01000000,0.00,ETHEUR,10,1.00,ETH,EUR
AT&T_Inc_(T.N),17.48,0.010,-7.82000,2.82000,0.10,0.09210054,1.61,UTC:13:31-19:59,0.10000000,0.02,AT&T_Inc_(T.N),10,1.00,T.US,USD
Adv._Micro_Devices_(AMD.O),166.19,0.030,-7.82000,2.82000,0.10,0.09210054,15.32,UTC:13:31-19:59,0.10000000,0.02,Adv._Micro_Devices_(AMD.O),10,1.00,Adv. Micro Devices,USD
Airbnb_Inc_(ABNB.O),144.40,0.030,-7.82000,2.82000,0.10,0.09210054,26.62,UTC:13:31-19:59,0.10000000,0.02,Airbnb_Inc_(ABNB.O),5,1.00,ABNB.US,USD
Alibaba_Group_(BABA.N),81.34,0.010,-7.82000,2.82000,0.10,0.09210054,3.75,UTC:13:31-19:59,0.10000000,0.02,Alibaba_Group_(BABA.N),20,1.00,BABA.N,USD
Alphabet_Inc_C_(GOOG.O),176.36,0.030,-7.82000,2.82000,0.10,0.09210054,8.13,UTC:13:31-19:59,0.10000000,0.02,Alphabet_Inc_C_(GOOG.O),20,1.00,GOOG.O,USD
Amazon.com_Inc_(AMZN.O),180.46,0.010,-7.82000,2.82000,0.10,0.09210054,8.31,UTC:13:31-19:59,0.10000000,0.02,Amazon.com_Inc_(AMZN.O),20,1.00,AMZN.O,USD
American_Express_(AXP.N),238.43,0.280,-7.82000,2.82000,0.10,0.09210054,22.00,UTC:13:31-19:59,0.10000000,0.02,American_Express_(AXP.N),10,1.00,AXP.US,USD
Apple_Inc_(AAPL.O),189.97,0.020,-7.82000,2.82000,0.10,0.09210054,8.75,UTC:13:31-19:59,0.10000000,0.02,Apple_Inc_(AAPL.O),20,1.00,AAPL.O,USD
Baidu_Inc_(BIDU.O),100.20,0.180,-7.82000,2.82000,0.10,0.09210054,9.25,UTC:13:31-19:59,0.10000000,0.02,Baidu_Inc_(BIDU.O),10,1.00,BIDU.O,USD
Beyond_Meat_Inc_(BYND.O),7.13,0.010,-7.82000,2.82000,0.10,0.09210054,3.29,UTC:13:31-19:59,0.10000000,0.02,Beyond_Meat_Inc_(BYND.O),2,1.00,BYND.US,USD
Citigroup_Inc_(C.N),63.60,0.010,-7.82000,2.82000,0.10,0.09210054,5.86,UTC:13:31-19:59,0.10000000,0.02,Citigroup_Inc_(C.N),10,1.00,C.US,USD
Coinbase_Global_Inc_(COIN.O),236.99,0.700,-7.82000,2.82000,0.10,0.09210054,43.80,UTC:13:31-19:59,0.10000000,0.02,Coinbase_Global_Inc_(COIN.O),5,1.00,COIN.O,USD
Electronic_Arts_(EA.O),134.98,0.310,-7.82000,2.82000,0.10,0.09210054,12.47,UTC:13:31-19:59,0.10000000,0.02,Electronic_Arts_(EA.O),10,1.00,Electronic Arts,USD
Meta_Platforms_(META.O),477.93,0.390,-7.82000,2.82000,0.10,0.09210054,22.04,UTC:13:31-19:59,0.10000000,0.02,Meta_Platforms_(META.O),20,1.00,FB.O,USD
Goldman_Sachs_Group_(GS.N),461.58,0.180,-7.82000,2.82000,0.10,0.09210054,42.55,UTC:13:31-19:59,0.10000000,0.02,Goldman_Sachs_Group_(GS.N),10,1.00,GS.N,USD
IBM_Corporation_(IBM.N),170.95,0.030,-7.82000,2.82000,0.10,0.09210054,15.75,UTC:13:31-19:59,0.10000000,0.02,IBM_Corporation_(IBM.N),10,1.00,IBM.N,USD
JPMorgan_Chase_&_Co_(JPM.N),200.60,0.060,-7.82000,2.82000,0.10,0.09210054,18.49,UTC:13:31-19:59,0.10000000,0.02,JPMorgan_Chase_&_Co_(JPM.N),10,1.00,JPM.US,USD
Lockheed_Martin___(LMT.N),466.79,0.710,-7.82000,2.82000,0.10,0.09210054,43.08,UTC:13:31-19:59,0.10000000,0.02,Lockheed_Martin___(LMT.N),10,1.00,LMT.US,USD
Mastercard_Inc_(MA.N),450.75,0.230,-7.82000,2.82000,0.10,0.09210054,41.55,UTC:13:31-19:59,0.10000000,0.02,Mastercard_Inc_(MA.N),10,1.00,MA.N,USD
McDonalds_Corporation_(MCD.N),257.99,0.160,-7.82000,2.82000,0.10,0.09210054,23.79,UTC:13:31-19:59,0.10000000,0.02,McDonalds_Corporation_(MCD.N),10,1.00,MCD.US,USD
Microsoft_Corp_(MSFT.O),429.78,0.130,-7.82000,2.82000,0.10,0.09210054,19.81,UTC:13:31-19:59,0.10000000,0.02,Microsoft_Corp_(MSFT.O),20,1.00,MSFT.O,USD
Moderna_(MRNA.O),166.47,0.150,-7.82000,2.82000,0.10,0.09210054,15.35,UTC:13:31-19:59,0.10000000,0.02,Moderna_(MRNA.O),10,1.00,Moderna,USD
NIKE_Inc_(NKE.N),91.78,0.010,-7.82000,2.82000,0.10,0.09210054,8.46,UTC:13:31-19:59,0.10000000,0.02,NIKE_Inc_(NKE.N),10,1.00,NKE.US,USD
NVIDIA_Corporation_(NVDA.O),1060.94,0.550,-7.82000,2.82000,0.10,0.09210054,48.90,UTC:13:31-19:59,0.10000000,0.02,NVIDIA_Corporation_(NVDA.O),20,1.00,NVDA.O,USD
Netflix_Inc_(NFLX.O),646.20,0.780,-7.82000,2.82000,0.10,0.09210054,59.61,UTC:13:31-19:59,0.10000000,0.02,Netflix_Inc_(NFLX.O),10,1.00,NFLX.O,USD
Oracle_Corporation_(ORCL.N),122.86,0.010,-7.82000,2.82000,0.10,0.09210054,11.32,UTC:13:31-19:59,0.10000000,0.02,Oracle_Corporation_(ORCL.N),10,1.00,ORCL.N,USD
Palantir_Tech_(PLTR.O),21.01,0.010,-7.82000,2.82000,0.10,0.09210054,3.87,UTC:13:31-19:59,0.10000000,0.02,Palantir_Tech_(PLTR.O),5,1.00,PLTR.US,USD
PayPal_Holdings_Inc_(PYPL.O),61.61,0.030,-7.82000,2.82000,0.10,0.09210054,5.68,UTC:13:31-19:59,0.10000000,0.02,PayPal_Holdings_Inc_(PYPL.O),10,1.00,PayPal Holdings Inc,USD
Peloton_Inter._(PTON.O),3.17,0.010,-7.82000,2.82000,0.10,0.09210054,0.59,UTC:13:31-19:59,0.10000000,0.02,Peloton_Inter._(PTON.O),5,1.00,PTON.US,USD
Pfizer_Inc_(PFE.N),28.84,0.010,-7.82000,2.82000,0.10,0.09210054,2.66,UTC:13:31-19:59,0.10000000,0.02,Pfizer_Inc_(PFE.N),10,1.00,PFE.N,USD
Procter_&_Gamble_Co_(PG.N),165.29,0.020,-7.82000,2.82000,0.10,0.09210054,15.23,UTC:13:31-19:59,0.10000000,0.02,Procter_&_Gamble_Co_(PG.N),10,1.00,PG.US,USD
Qualcomm_(QCOM.O),210.30,0.200,-7.82000,2.82000,0.10,0.09210054,19.40,UTC:13:31-19:59,0.10000000,0.02,Qualcomm_(QCOM.O),10,1.00,Qualcomm,USD
SPDR_S&P500_ETF_Trust_(SPY.P),529.21,0.020,-7.82000,2.82000,0.10,0.09210054,24.38,UTC:13:31-19:59,0.10000000,0.02,SPDR_S&P500_ETF_Trust_(SPY.P),20,1.00,SPY.P,USD
Snap_Inc_(SNAP.O),15.24,0.010,-7.82000,2.82000,0.10,0.09210054,2.81,UTC:13:31-19:59,0.10000000,0.02,Snap_Inc_(SNAP.O),5,1.00,SNAP.US,USD
T-Mobile_US_(TMUS.O),165.77,0.080,-7.82000,2.82000,0.10,0.09210054,15.28,UTC:13:31-19:59,0.10000000,0.02,T-Mobile_US_(TMUS.O),10,1.00,T-Mobile US,USD
Tesla_Inc_(TSLA.O),179.23,0.020,-7.82000,2.82000,0.10,0.09210054,8.26,UTC:13:31-19:59,0.10000000,0.02,Tesla_Inc_(TSLA.O),20,1.00,TSLA.O,USD
The_Boeing_Company_(BA.N),174.74,0.040,-7.82000,2.82000,0.10,0.09210054,16.10,UTC:13:31-19:59,0.10000000,0.02,The_Boeing_Company_(BA.N),10,1.00,BA.US,USD
The_Walt_Disney_Co_(DIS.N),101.54,0.010,-7.82000,2.82000,0.10,0.09210054,9.36,UTC:13:31-19:59,0.10000000,0.02,The_Walt_Disney_Co_(DIS.N),10,1.00,DIS.US,USD
Uber_Technologies_(UBER.N),64.23,0.010,-7.82000,2.82000,0.10,0.09210054,5.92,UTC:13:31-19:59,0.10000000,0.02,Uber_Technologies_(UBER.N),10,1.00,UBER.N,USD
Virgin_Galactic_(SPCE.O),0.86,0.000,-7.82000,2.82000,0.10,0.09210054,0.16,UTC:13:31-19:59,0.10000000,0.02,Virgin_Galactic_(SPCE.O),5,1.00,SPCE.US,USD
Visa_Inc_(V.N),274.42,0.190,-7.82000,2.82000,0.10,0.09210054,25.30,UTC:13:31-19:59,0.10000000,0.02,Visa_Inc_(V.N),10,1.00,V.US,USD
Walmart_Inc_(WMT.N),65.33,0.020,-7.82000,2.82000,0.10,0.09210054,6.02,UTC:13:31-19:59,0.10000000,0.02,Walmart_Inc_(WMT.N),10,1.00,WMT.US,USD
Zoom_Video_(ZM.O),62.92,0.250,-7.82000,2.82000,0.10,0.09210054,11.64,UTC:13:31-19:59,0.10000000,0.02,Zoom_Video_(ZM.O),5,1.00,ZM.US,USD
salesforce.com_Inc_(CRM.O),271.87,0.090,-7.82000,2.82000,0.10,0.09210054,25.06,UTC:13:31-19:59,0.10000000,0.02,salesforce.com_Inc_(CRM.O),10,1.00,CRM.US,USD
Shopify_(SHOP.N),56.98,0.010,-7.82000,2.82000,0.10,0.09210054,5.25,UTC:13:31-19:59,0.10000000,0.02,Shopify_(SHOP.N),10,1.00,SHOP.US,USD
Roblox_(RBLX.N),32.62,0.020,-7.82000,2.82000,0.10,0.09210054,6.02,UTC:13:31-19:59,0.10000000,0.02,Roblox_(RBLX.N),5,1.00,RBLX.US,USD
Okta_(OKTA.O),96.98,0.120,-7.82000,2.82000,0.10,0.09210054,17.89,UTC:13:31-19:59,0.10000000,0.02,Okta_(OKTA.O),5,1.00,OKTA.US,USD
TripAdvisor_(TRIP.O),17.87,0.010,-7.82000,2.82000,0.10,0.09210054,3.30,UTC:13:31-19:59,0.10000000,0.02,TripAdvisor_(TRIP.O),5,1.00,TRIP.US,USD
Palo_Alto_(PANW.O),322.40,0.160,-7.82000,2.82000,0.10,0.09210054,59.44,UTC:13:31-19:59,0.10000000,0.02,Palo_Alto_(PANW.O),5,1.00,PANW.US,USD
DoorDash_(DASH.N),112.82,0.230,-7.82000,2.82000,0.10,0.09210054,20.83,UTC:13:31-19:59,0.10000000,0.02,DoorDash_(DASH.N),5,1.00,DASH.US,USD
United_States_Steel_(X.N),35.88,0.010,-7.82000,2.82000,0.10,0.09210054,9.93,UTC:13:31-19:59,0.10000000,0.02,United_States_Steel_(X.N),3,1.00,X.US,USD
Chewy_(CHWY.N),16.52,0.010,-7.82000,2.82000,0.10,0.09210054,3.05,UTC:13:31-19:59,0.10000000,0.02,Chewy_(CHWY.N),5,1.00,CHWY.US,USD
Teladoc_Health_(TDOC.N),11.44,0.010,-7.82000,2.82000,0.10,0.09210054,2.11,UTC:13:31-19:59,0.10000000,0.02,Teladoc_Health_(TDOC.N),5,1.00,TDOC.US,USD
Zoetis_Inc_(ZTS.N),170.08,0.250,-7.82000,2.82000,0.10,0.09210054,15.69,UTC:13:31-19:59,0.10000000,0.02,Zoetis_Inc_(ZTS.N),10,1.00,ZTS.US,USD
TotalEnergies_ADR_(TTE.N),71.39,0.030,-7.82000,2.82000,0.10,0.09210054,13.16,UTC:13:31-19:59,0.10000000,0.02,TotalEnergies_ADR_(TTE.N),5,1.00,TTE.US,USD
Sunpower_(SPWR.O),2.89,0.010,-7.82000,2.82000,0.10,0.09210054,0.53,UTC:13:31-19:59,0.10000000,0.02,Sunpower_(SPWR.O),5,1.00,SPWR.O,USD
Aurinia_Pharma(AUPH.O),5.22,0.010,-7.82000,2.82000,0.10,0.09210054,1.45,UTC:13:31-19:59,0.10000000,0.02,Aurinia_Pharma(AUPH.O),3,1.00,AUPH.O,USD
Stoneco_Ltd_(STNE.O),14.30,0.010,-7.82000,2.82000,0.10,0.09210054,2.64,UTC:13:31-19:59,0.10000000,0.02,Stoneco_Ltd_(STNE.O),5,1.00,STNE.O,USD
Stride_Inc_(LRN.N),70.92,0.080,-7.82000,2.82000,0.10,0.09210054,19.65,UTC:13:31-19:59,0.10000000,0.02,Stride_Inc_(LRN.N),3,1.00,LRN.N,USD
Bumble_Inc_(BMBL.O),11.48,0.020,-7.82000,2.82000,0.10,0.09210054,2.12,UTC:13:31-19:59,0.10000000,0.02,Bumble_Inc_(BMBL.O),5,1.00,BMBL.O,USD
AAPL.US-24,189.99,0.010,-7.82000,2.82000,0.10,0.09210054,8.75,UTC:21:01-20:59,0.10000000,0.02,AAPL.US-24,20,1.00,AAPL.US-24,USD
AMD.US-24,166.66,0.030,-7.82000,2.82000,0.10,0.09210054,15.36,UTC:21:01-20:59,0.10000000,0.02,AMD.US-24,10,1.00,AMD.US-24,USD
AMZN.US-24,180.98,0.030,-7.82000,2.82000,0.10,0.09210054,8.34,UTC:21:01-20:59,0.10000000,0.02,AMZN.US-24,20,1.00,AMZN.US-24,USD
BA.US-24,174.00,0.600,-7.82000,2.82000,0.10,0.09210054,16.09,UTC:21:01-20:59,0.10000000,0.02,BA.US-24,10,1.00,BA.US-24,USD
BABA.US-24,81.08,0.030,-7.82000,2.82000,0.10,0.09210054,3.74,UTC:21:01-20:59,0.10000000,0.02,BABA.US-24,20,1.00,BABA.US-24,USD
BAC.US-24,39.67,0.020,-7.82000,2.82000,0.10,0.09210054,3.66,UTC:21:01-20:59,0.10000000,0.02,BAC.US-24,10,1.00,BAC.US-24,USD
CAT.US-24,348.00,1.190,-7.82000,2.82000,0.10,0.09210054,32.17,UTC:21:01-20:59,0.10000000,0.02,CAT.US-24,10,1.00,CAT.US-24,USD
DIS.US-24,101.61,0.060,-7.82000,2.82000,0.10,0.09210054,9.37,UTC:21:01-20:59,0.10000000,0.02,DIS.US-24,10,1.00,DIS.US-24,USD
F.US-24,12.12,0.050,-7.82000,2.82000,0.10,0.09210054,1.12,UTC:21:01-20:59,0.10000000,0.02,F.US-24,10,1.00,F.US-24,USD
GM.US-24,44.06,0.040,-7.82000,2.82000,0.10,0.09210054,4.06,UTC:21:01-20:59,0.10000000,0.02,GM.US-24,10,1.00,GM.US-24,USD
GOOG.US-24,176.22,0.360,-7.82000,2.82000,0.10,0.09210054,8.13,UTC:21:01-20:59,0.10000000,0.02,GOOG.US-24,20,1.00,GOOG.US-24,USD
HPQ.US-24,32.61,0.140,-7.82000,2.82000,0.10,0.09210054,3.02,UTC:21:01-20:59,0.10000000,0.02,HPQ.US-24,10,1.00,HPQ.US-24,USD
INTC.US-24,30.72,0.020,-7.82000,2.82000,0.10,0.09210054,2.83,UTC:21:01-20:59,0.10000000,0.02,INTC.US-24,10,1.00,INTC.US-24,USD
JNJ.US-24,146.94,0.030,-7.82000,2.82000,0.10,0.09210054,13.54,UTC:21:01-20:59,0.10000000,0.02,JNJ.US-24,10,1.00,JNJ.US-24,USD
UNH.US-24,507.77,4.230,-7.82000,2.82000,0.10,0.09210054,47.18,UTC:21:01-20:59,0.10000000,0.02,UNH.US-24,10,1.00,UNH.US-24,USD
XOM.US-24,113.48,0.160,-7.82000,2.82000,0.10,0.09210054,10.47,UTC:21:01-20:59,0.10000000,0.02,XOM.US-24,10,1.00,XOM.US-24,USD
CVX.US-24,157.75,0.040,-7.82000,2.82000,0.10,0.09210054,14.54,UTC:21:01-20:59,0.10000000,0.02,CVX.US-24,10,1.00,CVX.US-24,USD
KO.US-24,61.99,0.030,-7.82000,2.82000,0.10,0.09210054,5.71,UTC:21:01-20:59,0.10000000,0.02,KO.US-24,10,1.00,KO.US-24,USD
RTX.US-24,106.11,0.190,-7.82000,2.82000,0.10,0.09210054,4.90,UTC:21:01-20:59,0.10000000,0.02,RTX.US-24,20,1.00,RTX.US-24,USD
SLB.US-24,46.25,0.120,-7.82000,2.82000,0.10,0.09210054,8.55,UTC:21:01-20:59,0.10000000,0.02,SLB.US-24,5,1.00,SLB.US-24,USD
VZ.US-24,39.72,0.020,-7.82000,2.82000,0.10,0.09210054,3.66,UTC:21:01-20:59,0.10000000,0.02,VZ.US-24,10,1.00,VZ.US-24,USD
IBM.US-24,170.81,0.660,-7.82000,2.82000,0.10,0.09210054,15.80,UTC:21:01-20:59,0.10000000,0.02,IBM.US-24,10,1.00,IBM.US-24,USD
JPM.US-24,200.66,0.040,-7.82000,2.82000,0.10,0.09210054,18.49,UTC:21:01-20:59,0.10000000,0.02,JPM.US-24,10,1.00,JPM.US-24,USD
META.US-24,477.00,0.590,-7.82000,2.82000,0.10,0.09210054,22.00,UTC:21:01-20:59,0.10000000,0.02,META.US-24,20,1.00,META.US-24,USD
MSFT.US-24,429.95,0.100,-7.82000,2.82000,0.10,0.09210054,19.81,UTC:21:01-20:59,0.10000000,0.02,MSFT.US-24,20,1.00,MSFT.US-24,USD
NFLX.US-24,645.32,5.680,-7.82000,2.82000,0.10,0.09210054,59.99,UTC:21:01-20:59,0.10000000,0.02,NFLX.US-24,10,1.00,NFLX.US-24,USD
NKE.US-24,91.81,0.110,-7.82000,2.82000,0.10,0.09210054,8.47,UTC:21:01-20:59,0.10000000,0.02,NKE.US-24,10,1.00,NKE.US-24,USD
NVDA.US-24,1065.25,0.070,-7.82000,2.82000,0.10,0.09210054,49.08,UTC:21:01-20:59,0.10000000,0.02,NVDA.US-24,20,1.00,NVDA.US-24,USD
ORCL.US-24,122.92,0.190,-7.82000,2.82000,0.10,0.09210054,11.34,UTC:21:01-20:59,0.10000000,0.02,ORCL.US-24,10,1.00,ORCL.US-24,USD
PFE.US-24,28.81,0.050,-7.82000,2.82000,0.10,0.09210054,2.66,UTC:21:01-20:59,0.10000000,0.02,PFE.US-24,10,1.00,PFE.US-24,USD
SNAP.US-24,15.23,0.020,-7.82000,2.82000,0.10,0.09210054,2.81,UTC:21:01-20:59,0.10000000,0.02,SNAP.US-24,5,1.00,SNAP.US-24,USD
TSLA.US-24,178.92,0.030,-7.82000,2.82000,0.10,0.09210054,8.24,UTC:21:01-20:59,0.10000000,0.02,TSLA.US-24,20,1.00,TSLA.US-24,USD
V.US-24,274.19,0.300,-7.82000,2.82000,0.10,0.09210054,25.29,UTC:21:01-20:59,0.10000000,0.02,V.US-24,10,1.00,V.US-24,USD
WMT.US-24,65.15,0.230,-7.82000,2.82000,0.10,0.09210054,6.02,UTC:21:01-20:59,0.10000000,0.02,WMT.US-24,10,1.00,WMT.US-24,USD
C.US-24,63.41,0.210,-7.82000,2.82000,0.10,0.09210054,5.86,UTC:21:01-20:59,0.10000000,0.02,C.US-24,10,1.00,C.US-24,USD
MCD.US-24,257.51,0.590,-7.82000,2.82000,0.10,0.09210054,23.78,UTC:21:01-20:59,0.10000000,0.02,MCD.US-24,10,1.00,MCD.US-24,USD
PG.US-24,165.21,0.110,-7.82000,2.82000,0.10,0.09210054,15.23,UTC:21:01-20:59,0.10000000,0.02,PG.US-24,10,1.00,PG.US-24,USD
US_TBond,116.885,0.0440,-2.88000,-2.12000,0.010,0.00921005,3.59,UTC:22:00-20:59,1.00000000,0.00,US_TBond,30,1.00,US_TBond,USD
USTN10YR,108.628,0.0440,-3.76000,-1.24000,0.010,0.00921005,3.34,UTC:22:00-20:59,1.00000000,0.00,USTN10YR,30,1.00,USTN10YR,USD
USTN2YR,101.289,0.0400,-4.28000,-0.72000,0.010,0.00921005,3.11,UTC:22:00-20:59,1.00000000,0.00,USTN2YR,30,1.00,USTN2YR,USD
USTN5YR,105.325,0.0270,-4.07000,-0.93000,0.010,0.00921005,3.24,UTC:22:00-20:59,1.00000000,0.00,USTN5YR,30,1.00,USTN5YR,USD
UKGILT,96.637,0.0410,-2.81000,-2.19000,0.010,0.01174398,3.78,UTC:07:01-16:59,1.00000000,0.00,UKGILT,30,1.00,UKGILT,GBP
EUBobl,116.056,0.0350,-7.32000,2.32000,0.010,0.01000000,3.87,UTC:23:15-19:59,1.00000000,0.00,EUBobl,30,1.00,EUBobl,EUR
EUBund,130.167,0.0340,-1.47000,-3.53000,0.010,0.01000000,4.33,UTC:23:15-19:59,1.00000000,0.00,EUBund,30,1.00,EUBund,EUR
EUBuxl,128.836,0.0420,-2.85000,-2.15000,0.010,0.01000000,4.28,UTC:23:15-19:59,1.00000000,0.00,EUBuxl,30,1.00,EUBuxl,EUR
EUSchatz,105.250,0.0100,-4.43000,-0.57000,0.010,0.01000000,3.51,UTC:23:15-19:59,1.00000000,0.00,EUSchatz,30,1.00,EUShatz,EUR
AUS200-F,7815.5,6.00,0.00000,0.00000,1.0,0.61204754,11.97,UTC:07:10-20:59,1.00000000,0.00,AUS200-F,400,1.00,AUS200-F,AUD
GER40-F,18771.0,3.00,0.00000,0.00000,1.0,1.00000000,46.96,UTC:00:15-20:59,1.00000000,0.00,GER40-F,400,1.00,GER40-F,EUR
HK50-F,18798.0,10.00,0.00000,0.00000,1.0,0.11794092,33.63,UTC:05:00-08:30,1.00000000,0.00,HK50-F,66,1.00,HK50-F,HKD
JPN225-F,38882.0,26.00,0.00000,0.00000,1.0,0.00587106,1.14,UTC:22:00-20:59,1.00000000,0.00,JPN225-F,200,1.00,JPN225-F,JPY
UK100-F,8327.3,4.00,0.00000,0.00000,1.0,1.17439812,24.46,UTC:22:00-20:59,1.00000000,0.00,UK100-F,400,1.00,UK100-F,GBP
US30-F,39138.2,5.50,0.00000,0.00000,1.0,0.92100537,90.11,UTC:22:00-20:59,1.00000000,0.00,US30-F,400,1.00,US30-F,USD
NAS100-F,18871.8,4.00,0.00000,0.00000,0.1,0.09210054,43.49,UTC:22:00-20:59,1.00000000,0.00,NAS100-F,400,1.00,NAS100-F,USD
US500-F,5320.0,1.20,0.00000,0.00000,0.1,0.09210054,12.26,UTC:22:00-20:59,1.00000000,0.00,US500-F,400,1.00,US500-F,USD
Crude-F,78.105,0.0510,0.00000,0.00000,0.010,0.92100537,71.91,UTC:22:00-20:59,1.00000000,0.00,Crude-F,100,100.00,Crude-F,USD
Brent-F,82.515,0.0510,0.00000,0.00000,0.010,0.92100537,75.92,UTC:22:00-20:59,1.00000000,0.00,Brent-F,100,100.00,Brent-F,USD
XAUUSD-F,2368.30,0.500,0.00000,0.00000,0.10,9.21005369,1091.18,UTC:22:01-20:59,100.00000000,0.00,XAUUSD-F,200,100.00,XAUUSD-F,USD
XAGUSD-F,31.035,0.0319,0.00000,0.00000,0.010,46.05026847,1430.32,UTC:22:01-20:59,1000.00000000,0.00,XAGUSD-F,100,5000.00,XAGUSD-F,USD
